order_date,customer_id,config_id,simple_id
2024-01-04,2,5,7
2024-01-06,3,9,13
2024-01-08,4,13,19
2024-01-10,5,17,25
2024-01-12,6,21,31
2024-01-14,7,25,37
2024-01-16,8,29,43
2024-01-18,9,33,49
2024-01-20,10,37,55
2024-01-22,11,41,61
2024-01-24,12,45,67
2024-01-26,13,49,73
2024-01-28,14,53,79
2024-01-30,15,57,85
2024-02-01,16,61,91
2024-02-03,17,65,97
2024-02-05,18,69,3
2024-02-07,19,73,9
2024-02-09,20,77,15
2024-02-11,21,81,21
2024-02-13,22,85,27
2024-02-15,23,89,33
2024-02-17,24,93,39
2024-02-19,25,97,45
2024-02-21,26,101,51
2024-02-23,27,105,57
2024-02-25,28,109,63
2024-02-27,29,113,69
2024-02-29,30,117,75
2024-03-02,31,121,81
2024-03-04,32,125,87
2024-03-06,33,129,93
2024-03-08,34,133,99
2024-03-10,35,137,5
2024-03-12,36,141,11
2024-03-14,37,145,17
2024-03-16,38,149,23
2024-03-18,39,153,29
2024-03-20,40,157,35
2024-03-22,41,161,41
2024-03-24,42,165,47
2024-03-26,43,169,53
2024-03-28,44,173,59
2024-03-30,45,177,65
2024-04-01,46,181,71
2024-04-03,47,185,77
2024-04-05,48,189,83
2024-04-07,49,193,89
2024-04-09,50,197,95
2024-04-11,51,201,1
2024-04-13,52,205,7
2024-04-15,53,209,13
2024-04-17,54,213,19
2024-04-19,55,217,25
2024-04-21,56,221,31
2024-04-23,57,225,37
2024-04-25,58,229,43
2024-04-27,59,233,49
2024-04-29,60,237,55
2024-05-01,61,241,61
2024-05-03,62,245,67
2024-05-05,63,249,73
2024-05-07,64,253,79
2024-05-09,65,257,85
2024-05-11,66,261,91
2024-05-13,67,265,97
2024-05-15,68,269,3
2024-05-17,69,273,9
2024-05-19,70,277,15
2024-05-21,71,281,21
2024-05-23,72,285,27
2024-05-25,73,289,33
2024-05-27,74,293,39
2024-05-29,75,297,45
2024-05-31,76,1,51
2024-06-02,77,5,57
2024-06-04,78,9,63
2024-06-06,79,13,69
2024-06-08,80,17,75
2024-06-10,81,21,81
2024-06-12,82,25,87
2024-06-14,83,29,93
2024-06-16,84,33,99
2024-06-18,85,37,5
2024-06-20,86,41,11
2024-06-22,87,45,17
2024-06-24,88,49,23
2024-06-26,89,53,29
2024-06-28,90,57,35
2024-06-30,91,61,41
2024-07-02,92,65,47
2024-07-04,93,69,53
2024-07-06,94,73,59
2024-07-08,95,77,65
2024-07-10,96,81,71
2024-07-12,97,85,77
2024-07-14,98,89,83
2024-07-16,99,93,89
2024-07-18,100,97,95
2024-07-20,101,101,1
2024-07-22,102,105,7
2024-07-24,103,109,13
2024-07-26,104,113,19
2024-07-28,105,117,25
2024-07-30,106,121,31
2024-08-01,107,125,37
2024-08-03,108,129,43
2024-08-05,109,133,49
2024-08-07,110,137,55
2024-08-09,111,141,61
2024-08-11,112,145,67
2024-08-13,113,149,73
2024-08-15,114,153,79
2024-08-17,115,157,85
2024-08-19,116,161,91
2024-08-21,117,165,97
2024-08-23,118,169,3
2024-08-25,119,173,9
2024-08-27,120,177,15
2024-08-29,121,181,21
2024-08-31,122,185,27
2024-09-02,123,189,33
2024-09-04,124,193,39
2024-09-06,125,197,45
2024-09-08,126,201,51
2024-09-10,127,205,57
2024-09-12,128,209,63
2024-09-14,129,213,69
2024-09-16,130,217,75
2024-09-18,131,221,81
2024-09-20,132,225,87
2024-09-22,133,229,93
2024-09-24,134,233,99
2024-09-26,135,237,5
2024-09-28,136,241,11
2024-09-30,137,245,17
2024-10-02,138,249,23
2024-10-04,139,253,29
2024-10-06,140,257,35
2024-10-08,141,261,41
2024-10-10,142,265,47
2024-10-12,143,269,53
2024-10-14,144,273,59
2024-10-16,145,277,65
2024-10-18,146,281,71
2024-10-20,147,285,77
2024-10-22,148,289,83
2024-10-24,149,293,89
2024-10-26,150,297,95
2024-10-28,151,1,1
2024-10-30,152,5,7
2024-11-01,153,9,13
2024-11-03,154,13,19
2024-11-05,155,17,25
2024-11-07,156,21,31
2024-11-09,157,25,37
2024-11-11,158,29,43
2024-11-13,159,33,49
2024-11-15,160,37,55
2024-11-17,161,41,61
2024-11-19,162,45,67
2024-11-21,163,49,73
2024-11-23,164,53,79
2024-11-25,165,57,85
2024-11-27,166,61,91
2024-11-29,167,65,97
2024-12-01,168,69,3
2024-12-03,169,73,9
2024-12-05,170,77,15
2024-12-07,171,81,21
2024-12-09,172,85,27
2024-12-11,173,89,33
2024-12-13,174,93,39
2024-12-15,175,97,45
2024-12-17,176,101,51
2024-12-19,177,105,57
2024-12-21,178,109,63
2024-12-23,179,113,69
2024-12-25,180,117,75
2024-12-27,181,121,81
2024-12-29,182,125,87
2024-12-31,183,129,93
2024-01-03,184,133,99
2024-01-05,185,137,5
2024-01-07,186,141,11
2024-01-09,187,145,17
2024-01-11,188,149,23
2024-01-13,189,153,29
2024-01-15,190,157,35
2024-01-17,191,161,41
2024-01-19,192,165,47
2024-01-21,193,169,53
2024-01-23,194,173,59
2024-01-25,195,177,65
2024-01-27,196,181,71
2024-01-29,197,185,77
2024-01-31,198,189,83
2024-02-02,199,193,89
2024-02-04,200,197,95
2024-02-06,1,201,1
